Jan-01,Jan-02,Jan-03,Jan-04,Feb-01,Feb-02,Feb-03,Feb-04,Mar-01,Mar-02,Mar-03,Mar-04,Apr-01,Apr-02,Apr-03,Apr-04,May-01,May-02,May-03,May-04,Jun-01,Jun-02,Jun-03,Jun-04,Jul-01,Jul-02,Jul-03,Jul-04,Aug-01,Aug-02,Aug-03,Aug-04,Sep-01,Sep-02,Sep-03,Sep-04,Oct-01,Oct-02,Oct-03,Oct-04,Nov-01,Nov-02,Nov-03,Nov-04,Dec-01,Dec-02,Dec-03,Dec-04
Verne Troyer ,https://en.wikipedia.org/wiki/Verne_Troyer,Pocahontas (1595-1617),https://en.wikipedia.org/wiki/Pocahontas,Harry Styles,https://en.wikipedia.org/wiki/Harry_Styles,Lisa Marie Presley,https://en.wikipedia.org/wiki/Lisa_Marie_Presley,Justin Bieber,https://en.wikipedia.org/wiki/Justin_Bieber,Kesha,https://en.wikipedia.org/wiki/Kesha,Susan Boyle ,https://en.wikipedia.org/wiki/Susan_Boyle,Phillip Schofield,https://en.wikipedia.org/wiki/Phillip_Schofield,Joanna Lumley ,https://en.wikipedia.org/wiki/Joanna_Lumley,Jamie Dornan,https://en.wikipedia.org/wiki/Jamie_Dornan,Marilyn Monroe (1926-1962) ,https://en.wikipedia.org/wiki/Marilyn_Monroe,Morgan Freeman,https://en.wikipedia.org/wiki/Morgan_Freeman,Princess Diana (1961-1997) ,https://en.wikipedia.org/wiki/Princess_Diana,Pamela Anderson,https://en.wikipedia.org/wiki/Pamela_Anderson,Sam Mendes,https://en.wikipedia.org/wiki/Sam_Mendes,Laila Morse,https://en.wikipedia.org/wiki/Laila_Morse,Barry Gibb,https://en.wikipedia.org/wiki/Barry_Gibb,Gloria Estefan,https://en.wikipedia.org/wiki/Gloria_Estefan,Julia Andrews,https://en.wikipedia.org/wiki/Julie_Andrews,Dizzee Rascal,https://en.wikipedia.org/wiki/Dizzee_Rascal,Anthony Kiedis,https://en.wikipedia.org/wiki/Anthony_Kiedis,Jenny McCarthy,https://en.wikipedia.org/wiki/Jenny_McCarthy,Woody Allen,https://en.wikipedia.org/wiki/Woody_Allen,Bette Midler,https://en.wikipedia.org/wiki/Bette_Midler
Cuba Gooding Jr.,https://en.wikipedia.org/wiki/Cuba_Gooding_Jr,Isaac Asimov (1920-1992),https://en.wikipedia.org/wiki/Isaac_Asimov,Shakira,https://en.wikipedia.org/wiki/Shakira,Farrah Fawcett,https://en.wikipedia.org/wiki/Farrah_Fawcett,Rebel Wilson ,https://en.wikipedia.org/wiki/Rebel_Wilson,Daniel Craig,https://en.wikipedia.org/wiki/Daniel_Craig,Teddy Sheringham ,https://en.wikipedia.org/wiki/Teddy_Sheringham,Alec Guiness (1914-2000),https://en.wikipedia.org/wiki/Alec_Guiness,David Beckham ,https://en.wikipedia.org/wiki/David_Beckham,Lily Allen,https://en.wikipedia.org/wiki/Lily_Allen,Justin Long ,https://en.wikipedia.org/wiki/Justin_Long,Dominic Cooper,https://en.wikipedia.org/wiki/Dominic_Cooper,Jerry Hall ,https://en.wikipedia.org/wiki/Jerry_Hall,Lindsay Lohan,https://en.wikipedia.org/wiki/Lindsay_Lohan,Alan Whicker,https://en.wikipedia.org/wiki/Alan_Whicker,Donna Air,https://en.wikipedia.org/wiki/Donna_Air,Keanu Reeves ,https://en.wikipedia.org/wiki/Keanu_Reeves,Salma Hayek,https://en.wikipedia.org/wiki/Salma_Hayek,Sting,https://en.wikipedia.org/wiki/Sting_%28musician%29,Groucho Marx (1890-1977),https://en.wikipedia.org/wiki/Groucho_Marx,David Schwimmer,https://en.wikipedia.org/wiki/David_Schwimmer,Nelly,https://en.wikipedia.org/wiki/Nelly,Lucy Liu  ,https://en.wikipedia.org/wiki/Lucy_Liu,Britney Spears,https://en.wikipedia.org/wiki/Britney_Spears
Mel Gibson,https://en.wikipedia.org/wiki/Mel_Gibson,JRR Tolkien (1892-1973),https://en.wikipedia.org/wiki/JRR_Tolkien,Isla Fisher ,https://en.wikipedia.org/wiki/Isla_Fisher,Milo,https://en.wikipedia.org/wiki/Milo,Alexander Graham Bell (1847-1922),https://en.wikipedia.org/wiki/Alexander_Graham_Bell,Ronan Keating,https://en.wikipedia.org/wiki/Ronan_Keating,Eddie Murphy ,https://en.wikipedia.org/wiki/Eddie_Murphy,Leona Lewis,https://en.wikipedia.org/wiki/Leona_Lewis,James Brown (1933-2006) ,https://en.wikipedia.org/wiki/James_Brown,Frankie Valli,https://en.wikipedia.org/wiki/Frankie_Valli,Michelle Keegan ,https://en.wikipedia.org/wiki/Michelle_Keegan,Rafael Nadal,https://en.wikipedia.org/wiki/Rafael_Nadal,Tom Cruise,https://en.wikipedia.org/wiki/Tom_Cruise,Tracey Emin,https://en.wikipedia.org/wiki/Tracey_Emin,Martin Sheen,https://en.wikipedia.org/wiki/Martin_Sheen,Terry Wogan,https://en.wikipedia.org/wiki/Terry_Wogan,Charlie Sheen,https://en.wikipedia.org/wiki/Charlie_Sheen,Fearne Cotton,https://en.wikipedia.org/wiki/Fearne_Cotton,Gwen Stefani,https://en.wikipedia.org/wiki/Gwen_Stefani,Danny O'Donoghue,https://en.wikipedia.org/wiki/Danny_O'Donoghue,Lulu,https://en.wikipedia.org/wiki/Lulu_%28singer%29,Roseanne,https://en.wikipedia.org/wiki/Roseanne,Ozzy Osbourne,https://en.wikipedia.org/wiki/Ozzy_Osbourne,Julianne Moore,https://en.wikipedia.org/wiki/Julianne_Moore
Craig Revel Horwood ,https://en.wikipedia.org/wiki/Craig_Revel_Horwood,Sir Isaac Newton (1642-1727),https://en.wikipedia.org/wiki/Sir_Isaac_Newton,Alice Cooper ,https://en.wikipedia.org/wiki/Alice_Cooper,Natalie Imbruglia,https://en.wikipedia.org/wiki/Natalie_Imbruglia,Patsy Kensit,https://en.wikipedia.org/wiki/Patsy_Kensit,Brooklyn Beckham,https://en.wikipedia.org/wiki/Brooklyn_Beckham,Robert Downey Jr. ,https://en.wikipedia.org/wiki/Robert_Downey_Jr,Heath Ledger (1979-2008),https://en.wikipedia.org/wiki/Heath_Ledger,Will Arnett ,https://en.wikipedia.org/wiki/Will_Arnett,Audrey Hepburn (1929-1993),https://en.wikipedia.org/wiki/Audrey_Hepburn,Angelina Jolie ,https://en.wikipedia.org/wiki/Angelina_Jolie,Russell Brand,https://en.wikipedia.org/wiki/Russell_Brand,Neil Morrissey,https://en.wikipedia.org/wiki/Neil_Morrissey,Ray Meagher,https://en.wikipedia.org/wiki/Ray_Meagher,Barack Obama,https://en.wikipedia.org/wiki/Barack_Obama,Billy Bob Thornton,https://en.wikipedia.org/wiki/Billy_Bob_Thornton,Beyonce Knowles,https://en.wikipedia.org/wiki/Beyonce_Knowles,Mark Ronson,https://en.wikipedia.org/wiki/Mark_Ronson,Stacey Solomon,https://en.wikipedia.org/wiki/Stacey_Solomon,Alicia Silverstone,https://en.wikipedia.org/wiki/Alicia_Silverstone,Matthew McConaughey,https://en.wikipedia.org/wiki/Matthew_McConaughey,Guy Martin,https://en.wikipedia.org/wiki/Guy_Martin,Ronnie Corbett,https://en.wikipedia.org/wiki/Ronnie_Corbett,Jeff Bridges,https://en.wikipedia.org/wiki/Jeff_Bridges
Bradley Cooper ,https://en.wikipedia.org/wiki/Bradley_Cooper,Deadmau5,https://en.wikipedia.org/wiki/Deadmau5,Cristiano Ronaldo ,https://en.wikipedia.org/wiki/Cristiano_Ronaldo,Bobby Brown,https://en.wikipedia.org/wiki/Bobby_Brown,Matt Lucas ,https://en.wikipedia.org/wiki/Matt_Lucas,Eva Mendes,https://en.wikipedia.org/wiki/Eva_Mendes,Pharrell Williams,https://en.wikipedia.org/wiki/Pharrell_Williams,Anthony Horowitz,https://en.wikipedia.org/wiki/Anthony_Horowitz,Chris Brown ,https://en.wikipedia.org/wiki/Chris_Brown,Adele,https://en.wikipedia.org/wiki/Adele,Mark Wahlberg ,https://en.wikipedia.org/wiki/Mark_Wahlberg,Mel Giedroyc,https://en.wikipedia.org/wiki/Mel_Giedroyc,Paul Smith,https://en.wikipedia.org/wiki/Paul_Smith_%28fashion_designer%29,Gianfranco Zola,https://en.wikipedia.org/wiki/Gianfranco_Zola,Neil Armstrong,https://en.wikipedia.org/wiki/Neil_Armstrong,Colin McRae,https://en.wikipedia.org/wiki/Colin_McRae,Freddie Mercury (1946-1991),https://en.wikipedia.org/wiki/Freddie_Mercury,Raquel Welch,https://en.wikipedia.org/wiki/Raquel_Welch,Bob Geldof  ,https://en.wikipedia.org/wiki/Bob_Geldof,Kate Winslet,https://en.wikipedia.org/wiki/Kate_Winslet,Bryan Adams,https://en.wikipedia.org/wiki/Bryan_Adams,Luke Hemsworth,https://en.wikipedia.org/wiki/Luke_Hemsworth,Ronnie O'Sullivan,https://en.wikipedia.org/wiki/Ronnie_O'Sullivan,Walt Disney (1901-1966),https://en.wikipedia.org/wiki/Walt_Disney
Nigella Lawson ,https://en.wikipedia.org/wiki/Nigella_Lawson,Rowan Atkinson,https://en.wikipedia.org/wiki/Rowan_Atkinson,Bob Marley (1945-1981),https://en.wikipedia.org/wiki/Bob_Marley,Axl Rose,https://en.wikipedia.org/wiki/Axl_Rose,Alan Davies,https://en.wikipedia.org/wiki/Alan_Davies,Shaquille O'Neal,https://en.wikipedia.org/wiki/Shaquille_O'Neal,Zach Braff ,https://en.wikipedia.org/wiki/Zach_Braff,Myleene Klass,https://en.wikipedia.org/wiki/Myleene_Klass,George Clooney ,https://en.wikipedia.org/wiki/George_Clooney,Tony Blair,https://en.wikipedia.org/wiki/Tony_Blair,David Blunkett ,https://en.wikipedia.org/wiki/David_Blunkett,Paul Burrell,https://en.wikipedia.org/wiki/Paul_Burrell,Jennifer Saunders,https://en.wikipedia.org/wiki/Jennifer_Saunders,Sylvester Stallone,https://en.wikipedia.org/wiki/Sylvester_Stallone,Barbara Windsor ,https://en.wikipedia.org/wiki/Barbara_Windsor,Geri Halliwell,https://en.wikipedia.org/wiki/Geri_Halliwell,Tim Henman,https://en.wikipedia.org/wiki/Tim_Henman,Greg Rusedski,https://en.wikipedia.org/wiki/Greg_Rusedski,Elisabeth Shue,https://en.wikipedia.org/wiki/Elisabeth_Shue,Ricky Hatton,https://en.wikipedia.org/wiki/Ricky_Hatton,Sally Field,https://en.wikipedia.org/wiki/Sally_Field,Ethan Hawke,https://en.wikipedia.org/wiki/Ethan_Hawke,Andrew Flintoff,https://en.wikipedia.org/wiki/Andrew_Flintoff,Ira Gershwin (1896-1983),https://en.wikipedia.org/wiki/Ira_Gershwin
Helen Worth ,https://en.wikipedia.org/wiki/Helen_Worth,Nicolas Cage,https://en.wikipedia.org/wiki/Nicolas_Cage,Ashton Kutcher ,https://en.wikipedia.org/wiki/Ashton_Kutcher,Chris Rock,https://en.wikipedia.org/wiki/Chris_Rock,Rachel Weisz ,https://en.wikipedia.org/wiki/Rachel_Weisz,Bryan Cranston,https://en.wikipedia.org/wiki/Bryan_Cranston,Jackie Chan,https://en.wikipedia.org/wiki/Jackie_Chan,Russell Crowe,https://en.wikipedia.org/wiki/Russell_Crowe,Michael Rosen ,https://en.wikipedia.org/wiki/Michael_Rosen,Pyotr Ilyich Tchaikovsky (1840-1893),https://en.wikipedia.org/wiki/Pyotr_Ilyich_Tchaikovsky,Liam Neeson ,https://en.wikipedia.org/wiki/Liam_Neeson,Prince,https://en.wikipedia.org/wiki/Prince_%28musician%29,Ringo Starr,https://en.wikipedia.org/wiki/Ringo_Starr,Bill Oddie,https://en.wikipedia.org/wiki/Bill_Oddie,Melanie Sykes,https://en.wikipedia.org/wiki/Melanie_Sykes,Alexei Sayle,https://en.wikipedia.org/wiki/Alexei_Sayle,Buddy Holly (1936_1959),https://en.wikipedia.org/wiki/Buddy_Holly,Toby Jones,https://en.wikipedia.org/wiki/Toby_Jones,Simon Cowell,https://en.wikipedia.org/wiki/Simon_Cowell,Tony Braxton,https://en.wikipedia.org/wiki/Tony_Braxton,Marie Curie (1987-1934),https://en.wikipedia.org/wiki/Marie_Curie,David Guetta,https://en.wikipedia.org/wiki/David_Guetta,John Terry  ,https://en.wikipedia.org/wiki/John_Terry,Damien Rice,https://en.wikipedia.org/wiki/Damien_Rice
Stephen Hawking,https://en.wikipedia.org/wiki/Stephen_Hawking,Elvis Presley (1935-1977),https://en.wikipedia.org/wiki/Elvis_Presley,Seth Green ,https://en.wikipedia.org/wiki/Seth_Green,James Dean (1931-1955),https://en.wikipedia.org/wiki/James_Dean,Freddie Prinze Jr. ,https://en.wikipedia.org/wiki/Freddie_Prinze_Jr,Gary Numan,https://en.wikipedia.org/wiki/Gary_Numan,Taylor Kitsch ,https://en.wikipedia.org/wiki/Taylor_Kitsch,Sung Kang,https://en.wikipedia.org/wiki/Sung_Kang,Enrique Iglesias ,https://en.wikipedia.org/wiki/Enrique_Iglesias,Stephen Amell,https://en.wikipedia.org/wiki/Stephen_Amell,Mick Hucknall ,https://en.wikipedia.org/wiki/Mick_Hucknall,Kanye West,https://en.wikipedia.org/wiki/Kanye_West,Bonnie Tyler,https://en.wikipedia.org/wiki/Bonnie_Tyler,Mick Hucknall,https://en.wikipedia.org/wiki/Mick_Hucknall,Roger Federer,https://en.wikipedia.org/wiki/Roger_Federer,Chris Eubank,https://en.wikipedia.org/wiki/Chris_Eubank,Martin Freeman,https://en.wikipedia.org/wiki/Martin_Freeman,Pink,https://en.wikipedia.org/wiki/Pink_%28singer%29,Bruno Mars,https://en.wikipedia.org/wiki/Bruno_Mars,Matt Damon,https://en.wikipedia.org/wiki/Matt_Damon,Gordon Ramsay  ,https://en.wikipedia.org/wiki/Gordon_Ramsay,Ken Dodd,https://en.wikipedia.org/wiki/Ken_Dodd,Amir Khan  ,https://en.wikipedia.org/wiki/Amir_Khan_%28boxer%29,Dominic Monaghan,https://en.wikipedia.org/wiki/Dominic_Monaghan
Kate Middleton ,https://en.wikipedia.org/wiki/Kate_Middleton,Richard Nixon (1913-1994),https://en.wikipedia.org/wiki/Richard_Nixon,Tom Hiddleston ,https://en.wikipedia.org/wiki/Tom_Hiddleston,Joe Pesci,https://en.wikipedia.org/wiki/Joe_Pesci,Juliett Binoche ,https://en.wikipedia.org/wiki/Juliette_Binoche,Martin Johnson,https://en.wikipedia.org/wiki/Martin_Johnson,Kristen Stewart ,https://en.wikipedia.org/wiki/Kristen_Stewart,Hugh Hefner,https://en.wikipedia.org/wiki/Hugh_Hefner,Edd China ,https://en.wikipedia.org/wiki/Edd_China,Joan Sims (1930-2001),https://en.wikipedia.org/wiki/Joan_Sims,Michael J. Fox ,https://en.wikipedia.org/wiki/Michael_J._Fox,Natalie Portman,https://en.wikipedia.org/wiki/Natalie_Portman,Tom Hanks,https://en.wikipedia.org/wiki/Tom_Hanks,Paul Merton,https://en.wikipedia.org/wiki/Paul_Merton,Whitney Houston (1963-2012),https://en.wikipedia.org/wiki/Whitney_Houston,Gillian Anderson,https://en.wikipedia.org/wiki/Gillian_Anderson,Hugh Grant,https://en.wikipedia.org/wiki/Hugh_Grant,Michael Buble,https://en.wikipedia.org/wiki/Michael_Buble,John Lennon (1940-1980),https://en.wikipedia.org/wiki/John_Lennon,Sharon Osbourne,https://en.wikipedia.org/wiki/Sharon_Osbourne,Delta Goodrem  ,https://en.wikipedia.org/wiki/Delta_Goodrem,Carl Sagan (1934-1996),https://en.wikipedia.org/wiki/Carl_Sagan,John Malkovich ,https://en.wikipedia.org/wiki/John_Malkovich,Judi Dench,https://en.wikipedia.org/wiki/Judi_Dench
Rod Stewart ,https://en.wikipedia.org/wiki/Rod_Stewart,Pat Benatar,https://en.wikipedia.org/wiki/Pat_Benatar,Paul Hollywood ,https://en.wikipedia.org/wiki/Paul_Hollywood,Holly Willoughby,https://en.wikipedia.org/wiki/Holly_Willoughby,Chuck Norris ,https://en.wikipedia.org/wiki/Chuck_Norris,Robin Thicke,https://en.wikipedia.org/wiki/Robin_Thicke,Steven Seagal,https://en.wikipedia.org/wiki/Steven_Seagal,Sophie Ellis-Bextor,https://en.wikipedia.org/wiki/Sophie_Ellis-Bextor,Bono ,https://en.wikipedia.org/wiki/Bono,Al Murray,https://en.wikipedia.org/wiki/Al_Murray,Prince Philip,https://en.wikipedia.org/wiki/Prince_Philip,Elizabeth Hurley,https://en.wikipedia.org/wiki/Elizabeth_Hurley,Nikola Tesla,https://en.wikipedia.org/wiki/Nikola_Tesla,John Simm,https://en.wikipedia.org/wiki/John_Simm,Lawrence Dallaglio,https://en.wikipedia.org/wiki/Lawrence_Dallaglio,Charlie Dimmock,https://en.wikipedia.org/wiki/Charlie_Dimmock,Colin Firth,https://en.wikipedia.org/wiki/Colin_Firth,Guy Ritchie,https://en.wikipedia.org/wiki/Guy_Ritchie,Chris Tarrant,https://en.wikipedia.org/wiki/Chris_Tarrant,Sarah Lancashire,https://en.wikipedia.org/wiki/Sarah_Lancashire,Tim Rice,https://en.wikipedia.org/wiki/Tim_Rice,Hugh Bonneville,https://en.wikipedia.org/wiki/Hugh_Bonneville,Michael Clarke Duncan (1957-2012),https://en.wikipedia.org/wiki/Michael_Clarke_Duncan,Kenneth Branagh,https://en.wikipedia.org/wiki/Kenneth_Branagh
Emile Heskey ,https://en.wikipedia.org/wiki/Emile_Heskey,Mary J. Blige,https://en.wikipedia.org/wiki/Mary_J._Blige,Jennifer Aniston ,https://en.wikipedia.org/wiki/Jennifer_Aniston,Taylor Lautner,https://en.wikipedia.org/wiki/Taylor_Lautner,John Barrowman ,https://en.wikipedia.org/wiki/John_Barrowman,Didier Drogba,https://en.wikipedia.org/wiki/Didier_Drogba,Jeremy Clarkson ,https://en.wikipedia.org/wiki/Jeremy_Clarkson,Joss Stone,https://en.wikipedia.org/wiki/Joss_Stone,Jeremy Paxman ,https://en.wikipedia.org/wiki/Jeremy_Paxman,Natasha Richardson,https://en.wikipedia.org/wiki/Natasha_Richardson,Hugh Laurie ,https://en.wikipedia.org/wiki/Hugh_Laurie,Shia LaBeouf,https://en.wikipedia.org/wiki/Shia_LaBeouf,Craig Charles,https://en.wikipedia.org/wiki/Craig_Charles,Caroline Quentin,https://en.wikipedia.org/wiki/Caroline_Quentin,Enid Blyton (1897-1968),https://en.wikipedia.org/wiki/Enid_Blyton,Chris Hemsworth,https://en.wikipedia.org/wiki/Chris_Hemsworth,Harry Connick Jr.,https://en.wikipedia.org/wiki/Harry_Connick_Jr,Moby,https://en.wikipedia.org/wiki/Moby,Dawn French  ,https://en.wikipedia.org/wiki/Dawn_French,Bobby Charlton,https://en.wikipedia.org/wiki/Bobby_Charlton,Leonardo DiCaprio  ,https://en.wikipedia.org/wiki/Leonardo_DiCaprio,Demi Moore,https://en.wikipedia.org/wiki/Demi_Moore,Phil Spencer,https://en.wikipedia.org/wiki/Phil_Spencer,Ben Shephard,https://en.wikipedia.org/wiki/Ben_Shephard
Pixie Lott,https://en.wikipedia.org/wiki/Pixie_Lott,Emre Can,https://en.wikipedia.org/wiki/Emre_Can,Charles Darwin (1809-1882) ,https://en.wikipedia.org/wiki/Charles_Darwin,Christina Ricci,https://en.wikipedia.org/wiki/Christina_Ricci,Liza Minelli ,https://en.wikipedia.org/wiki/Liza_Minelli,Pete Doherty,https://en.wikipedia.org/wiki/Pete_Doherty,Shannon Doherty ,https://en.wikipedia.org/wiki/Shannon_Doherty,Claire Danes,https://en.wikipedia.org/wiki/Claire_Danes,Catherine Tate,https://en.wikipedia.org/wiki/Catherine_Tate,Pam St. Clement,https://en.wikipedia.org/wiki/Pam_St._Clement,George Bush,https://en.wikipedia.org/wiki/George_Bush,Robyn,https://en.wikipedia.org/wiki/Robyn,Anna Friel,https://en.wikipedia.org/wiki/Anna_Friel,Gareth Gates,https://en.wikipedia.org/wiki/Gareth_Gates,Tyson Fury,https://en.wikipedia.org/wiki/Tyson_Fury,Casey Affleck,https://en.wikipedia.org/wiki/Casey_Affleck,Paul Walker (1973-2013),https://en.wikipedia.org/wiki/Paul_Walker,Jennifer Hudson,https://en.wikipedia.org/wiki/Jennifer_Hudson,Hugh Jackman,https://en.wikipedia.org/wiki/Hugh_Jackman,Les Dennis,https://en.wikipedia.org/wiki/Les_Dennis,Ryan Gosling  ,https://en.wikipedia.org/wiki/Ryan_Gosling,Anne Hathaway,https://en.wikipedia.org/wiki/Anne_Hathaway,Frank Sinatra  ,https://en.wikipedia.org/wiki/Frank_Sinatra,Bill Nighy,https://en.wikipedia.org/wiki/Bill_Nighy
Orlando Bloom ,https://en.wikipedia.org/wiki/Orlando_Bloom,Liam Hemsworth,https://en.wikipedia.org/wiki/Liam_Hemsworth,Robbie Williams ,https://en.wikipedia.org/wiki/Robbie_Williams,Jerry Springer,https://en.wikipedia.org/wiki/Jerry_Springer,Peaches Geldof ,https://en.wikipedia.org/wiki/Peaches_Geldof,Dana Delaney,https://en.wikipedia.org/wiki/Dana_Delaney,Peter Davison,https://en.wikipedia.org/wiki/Peter_Davison,Ron Perlman,https://en.wikipedia.org/wiki/Ron_Perlman,Robert Pattinson,https://en.wikipedia.org/wiki/Robert_Pattinson,Zoe Wanamaker,https://en.wikipedia.org/wiki/Zoe_Wanamaker,Kym Marsh ,https://en.wikipedia.org/wiki/Kym_Marsh,David Gray,https://en.wikipedia.org/wiki/David_Gray_%28musician%29,Patrick Stewart,https://en.wikipedia.org/wiki/Patrick_Stewart,Harrison Ford,https://en.wikipedia.org/wiki/Harrison_Ford,Alfred Hitchcock (1899-1980),https://en.wikipedia.org/wiki/Alfred_Hitchcock,Alan Shearer,https://en.wikipedia.org/wiki/Alan_Shearer,Roald Dahl (1916-1990)  ,https://en.wikipedia.org/wiki/Roald_Dahl,Stella McCartney ,https://en.wikipedia.org/wiki/Stella_McCartney,David Haye  ,https://en.wikipedia.org/wiki/David_Haye,Sacha Baron Cohen,https://en.wikipedia.org/wiki/Sacha_Baron_Cohen,Whoopi Goldberg,https://en.wikipedia.org/wiki/Whoopi_Goldberg,Gerard Butler,https://en.wikipedia.org/wiki/Gerard_Butler,Jim Davidson  ,https://en.wikipedia.org/wiki/Jim_Davidson,Taylor Swift,https://en.wikipedia.org/wiki/Taylor_Swift
LL Cool J ,https://en.wikipedia.org/wiki/LL_Cool_J,Faye Dunaway,https://en.wikipedia.org/wiki/Faye_Dunaway,Simon Pegg ,https://en.wikipedia.org/wiki/Simon_Pegg,Enrico Colantoni,https://en.wikipedia.org/wiki/Enrico_Colantoni,Billy Crystal ,https://en.wikipedia.org/wiki/Billy_Crystal,Albert Einstein (1879-1955),https://en.wikipedia.org/wiki/Albert_Einstein,Sarah Michelle Gellar,https://en.wikipedia.org/wiki/Sarah_Michelle_Gellar,Robert Carlyle,https://en.wikipedia.org/wiki/Robert_Carlyle,Olly Murs,https://en.wikipedia.org/wiki/Olly_Murs,Martine McCutcheon,https://en.wikipedia.org/wiki/Martine_McCutcheon,Boy George,https://en.wikipedia.org/wiki/Boy_George,Alan Carr,https://en.wikipedia.org/wiki/Alan_Carr,David Mitchell,https://en.wikipedia.org/wiki/David_Mitchell_%28comedian%29,Matthew Fox,https://en.wikipedia.org/wiki/Matthew_Fox,Mila Kunis,https://en.wikipedia.org/wiki/Mila_Kunis,Nick Grimshaw,https://en.wikipedia.org/wiki/Nick_Grimshaw,Amy Winehouse (1983-2011),https://en.wikipedia.org/wiki/Amy_Winehouse,Andrew Lincoln,https://en.wikipedia.org/wiki/Andrew_Lincoln,Cliff Richard  ,https://en.wikipedia.org/wiki/Cliff_Richard,Steve Coogan,https://en.wikipedia.org/wiki/Steve_Coogan,Prince Charles,https://en.wikipedia.org/wiki/Prince_Charles,Letitia Dean,https://en.wikipedia.org/wiki/Letitia_Dean,Michael Owen  ,https://en.wikipedia.org/wiki/Michael_Owen,Miranda Hart,https://en.wikipedia.org/wiki/Miranda_Hart
Claudia Winkleman ,https://en.wikipedia.org/wiki/Claudia_Winkleman,James Nesbitt,https://en.wikipedia.org/wiki/James_Nesbitt,Matt Groening ,https://en.wikipedia.org/wiki/Matt_Groening,Galileo Galilei (1564-1642),https://en.wikipedia.org/wiki/Galileo_Galilei,Will.i.am ,https://en.wikipedia.org/wiki/Will.i.am,Eva Longoria,https://en.wikipedia.org/wiki/Eva_Longoria,Emma Watson,https://en.wikipedia.org/wiki/Emma_Watson,Leonardo Da Vinci (1452-1519),https://en.wikipedia.org/wiki/Leonardo_Da_Vinci,Zara Phillips ,https://en.wikipedia.org/wiki/Zara_Phillips,Sophie Raworth,https://en.wikipedia.org/wiki/Sophie_Raworth,Nadine Coyle ,https://en.wikipedia.org/wiki/Nadine_Coyle,Courtney Cox,https://en.wikipedia.org/wiki/Courteney_Cox,Danny Rampling,https://en.wikipedia.org/wiki/Danny_Rampling,Diane Kruger,https://en.wikipedia.org/wiki/Diane_Kruger,Jennifer Lawrence,https://en.wikipedia.org/wiki/Jennifer_Lawrence,Tony Robinson,https://en.wikipedia.org/wiki/Tony_Robinson,Prince Harry,https://en.wikipedia.org/wiki/Prince_Harry,Jimmy Carr,https://en.wikipedia.org/wiki/Jimmy_Carr,Chris de Burgh,https://en.wikipedia.org/wiki/Chris_de_Burgh,Andy Cole,https://en.wikipedia.org/wiki/Andy_Cole,Jimmy Choo  ,https://en.wikipedia.org/wiki/Jimmy_Choo,Chad Kroeger,https://en.wikipedia.org/wiki/Chad_Kroeger,Frankie Dettori,https://en.wikipedia.org/wiki/Frankie_Dettori,Don Johnson,https://en.wikipedia.org/wiki/Don_Johnson
James May ,https://en.wikipedia.org/wiki/James_May,Kate Moss,https://en.wikipedia.org/wiki/Kate_Moss,Christopher Eccleston ,https://en.wikipedia.org/wiki/Christopher_Eccleston,Amanda Holden,https://en.wikipedia.org/wiki/Amanda_Holden,Jerry Lewis,https://en.wikipedia.org/wiki/Jerry_Lewis,Theo Walcott,https://en.wikipedia.org/wiki/Theo_Walcott,Gabrielle ,https://en.wikipedia.org/wiki/Gabrielle,Akon,https://en.wikipedia.org/wiki/Akon,The Krankies ,https://en.wikipedia.org/wiki/The_Krankies,Judy Finnigan,https://en.wikipedia.org/wiki/Judy_Finnigan,Stan Laurel (1890-1965) ,https://en.wikipedia.org/wiki/Stan_Laurel,James Bolam,https://en.wikipedia.org/wiki/James_Bolam,Gareth Bale,https://en.wikipedia.org/wiki/Gareth_Bale,Johnny Vaughan,https://en.wikipedia.org/wiki/Johnny_Vaughan,Madonna,https://en.wikipedia.org/wiki/Madonna_%28entertainer%29,Trevor McDonald,https://en.wikipedia.org/wiki/Trevor_McDonald,Danny John-Jules,https://en.wikipedia.org/wiki/Danny_John-Jules,Katie Melua,https://en.wikipedia.org/wiki/Katie_Melua,Amelia Lily  ,https://en.wikipedia.org/wiki/Amelia_Lily,Davina McCall,https://en.wikipedia.org/wiki/Davina_McCall,Paul Scholes  ,https://en.wikipedia.org/wiki/Paul_Scholes,Frank Bruno  ,https://en.wikipedia.org/wiki/Frank_Bruno,Jane Austen (1775-1817),https://en.wikipedia.org/wiki/Jane_Austen,Quentin Blake,https://en.wikipedia.org/wiki/Quentin_Blake
Jim Carrey ,https://en.wikipedia.org/wiki/Jim_Carrey,Muhammed Ali,https://en.wikipedia.org/wiki/Muhammed_Ali,Michael Jordan ,https://en.wikipedia.org/wiki/Michael_Jordan,Ed Sheeran,https://en.wikipedia.org/wiki/Ed_Sheeran,Kurt Russell ,https://en.wikipedia.org/wiki/Kurt_Russell,Gary Sinise,https://en.wikipedia.org/wiki/Gary_Sinise,Victoria Beckham,https://en.wikipedia.org/wiki/Victoria_Beckham,Sean Bean,https://en.wikipedia.org/wiki/Sean_Bean,Paul Whitehouse ,https://en.wikipedia.org/wiki/Paul_Whitehouse,Jeremy Vine,https://en.wikipedia.org/wiki/Jeremy_Vine,Venus Williams ,https://en.wikipedia.org/wiki/Venus_Williams,Barry Manilow,https://en.wikipedia.org/wiki/Barry_Manilow,Fern Britton,https://en.wikipedia.org/wiki/Fern_Britton,Alun Armstrong,https://en.wikipedia.org/wiki/Alun_Armstrong,Donnie Wahlberg,https://en.wikipedia.org/wiki/Donnie_Wahlberg,Robert De Niro,https://en.wikipedia.org/wiki/Robert_De_Niro,Des Lynam,https://en.wikipedia.org/wiki/Des_Lynam,Damon Hill,https://en.wikipedia.org/wiki/Damon_Hill,Matthew Macfadyen,https://en.wikipedia.org/wiki/Matthew_Macfadyen,Eminem,https://en.wikipedia.org/wiki/Eminem,Martin Scorsese,https://en.wikipedia.org/wiki/Martin_Scorsese,Danny DeVito,https://en.wikipedia.org/wiki/Danny_DeVito,Paula Radcliffe,https://en.wikipedia.org/wiki/Paula_Radcliffe,Jacqueline Wilson,https://en.wikipedia.org/wiki/Jacqueline_Wilson
Kevin Costner ,https://en.wikipedia.org/wiki/Kevin_Costner,Cary Grant (1904-1986),https://en.wikipedia.org/wiki/Cary_Grant,John Travolta ,https://en.wikipedia.org/wiki/John_Travolta,Matt Dillon,https://en.wikipedia.org/wiki/Matt_Dillon,Queen Latifah ,https://en.wikipedia.org/wiki/Queen_Latifah,Adam Levine,https://en.wikipedia.org/wiki/Adam_Levine,David Tennant ,https://en.wikipedia.org/wiki/David_Tennant,Melissa Joan Hart,https://en.wikipedia.org/wiki/Melissa_Joan_Hart,Nathaniel Parker,https://en.wikipedia.org/wiki/Nathaniel_Parker,Perry Como (1912-2001),https://en.wikipedia.org/wiki/Perry_Como,Delia Smith ,https://en.wikipedia.org/wiki/Delia_Smith,Paul McCartney,https://en.wikipedia.org/wiki/Paul_McCartney,Nelson Mandela,https://en.wikipedia.org/wiki/Nelson_Mandela,Nick Faldo,https://en.wikipedia.org/wiki/Nick_Faldo,Patrick Swayze (1952-2009),https://en.wikipedia.org/wiki/Patrick_Swayze,Victoria Coren Mitchell,https://en.wikipedia.org/wiki/Victoria_Coren_Mitchell,Dizzee Rascal,https://en.wikipedia.org/wiki/Dizzee_Rascal,Mo Mowlam (1949-2005),https://en.wikipedia.org/wiki/Mo_Mowlam,Zac Efron,https://en.wikipedia.org/wiki/Zac_Efron,Jean-Claude Van Damme,https://en.wikipedia.org/wiki/Jean-Claude_Van_Damme,Ant McPartlin,https://en.wikipedia.org/wiki/Ant_McPartlin,Owen Wilson,https://en.wikipedia.org/wiki/Owen_Wilson,Brad Pitt  ,https://en.wikipedia.org/wiki/Brad_Pitt,Stephen Spielberg,https://en.wikipedia.org/wiki/Stephen_Spielberg
Dolly Parton ,https://en.wikipedia.org/wiki/Dolly_Parton,Edgar Allan Poe (1809-1849),https://en.wikipedia.org/wiki/Edgar_Allan_Poe,Seal ,https://en.wikipedia.org/wiki/Seal,Jeff Daniels,https://en.wikipedia.org/wiki/Jeff_Daniels,Bruce Willis ,https://en.wikipedia.org/wiki/Bruce_Willis,Glenn Close,https://en.wikipedia.org/wiki/Glenn_Close,Tim Curry ,https://en.wikipedia.org/wiki/Tim_Curry,Maria Sharapova,https://en.wikipedia.org/wiki/Maria_Sharapova,Grace Jones ,https://en.wikipedia.org/wiki/Grace_Jones,Victoria Wood,https://en.wikipedia.org/wiki/Victoria_Wood,Boris Johnson,https://en.wikipedia.org/wiki/Boris_Johnson,Sadie Frost,https://en.wikipedia.org/wiki/Sadie_Frost,Benedict Cumberbatch ,https://en.wikipedia.org/wiki/Benedict_Cumberbatch,Brian May,https://en.wikipedia.org/wiki/Brian_May,Matthew Perry,https://en.wikipedia.org/wiki/Matthew_Perry,Christina Perri,https://en.wikipedia.org/wiki/Christina_Perri,Jeremy Irons  ,https://en.wikipedia.org/wiki/Jeremy_Irons,David McCallum,https://en.wikipedia.org/wiki/David_McCallum,Michael Gambon,https://en.wikipedia.org/wiki/Michael_Gambon,John Lithgow,https://en.wikipedia.org/wiki/John_Lithgow,Jodie Foster,https://en.wikipedia.org/wiki/Jodie_Foster,Meg Ryan,https://en.wikipedia.org/wiki/Meg_Ryan,Jake Gyllenhall,https://en.wikipedia.org/wiki/Jake_Gyllenhall,Richard Hammond,https://en.wikipedia.org/wiki/Richard_Hammond
Gary Barlow ,https://en.wikipedia.org/wiki/Gary_Barlow,Tom Baker,https://en.wikipedia.org/wiki/Tom_Baker,Rihanna ,https://en.wikipedia.org/wiki/Rihanna,Kurt Cobain (1967-1994),https://en.wikipedia.org/wiki/Kurt_Cobain,Fernando Torres ,https://en.wikipedia.org/wiki/Fernando_Torres,Steve McFadden,https://en.wikipedia.org/wiki/Steve_McFadden,George Takei ,https://en.wikipedia.org/wiki/George_Takei,Nicholas Lyndhurst,https://en.wikipedia.org/wiki/Nicholas_Lyndhurst,Louis Theroux,https://en.wikipedia.org/wiki/Louis_Theroux,Chris Froome,https://en.wikipedia.org/wiki/Chris_Froome,Nicole Kidman,https://en.wikipedia.org/wiki/Nicole_Kidman,Lionel Richie,https://en.wikipedia.org/wiki/Lionel_Richie,Anton du Beke,https://en.wikipedia.org/wiki/Anton_du_Beke,Diana Rigg,https://en.wikipedia.org/wiki/Diana_Rigg,David Walliams,https://en.wikipedia.org/wiki/David_Walliams,Robert Plant,https://en.wikipedia.org/wiki/Robert_Plant,Sophia Loren,https://en.wikipedia.org/wiki/Sophia_Loren,Henrik Larssen,https://en.wikipedia.org/wiki/Henrik_Larssen,Snoop Dogg,https://en.wikipedia.org/wiki/Snoop_Dogg,Dannii Minogue,https://en.wikipedia.org/wiki/Dannii_Minogue,Kimberley Walsh,https://en.wikipedia.org/wiki/Kimberley_Walsh,Robert Kennedy (1925-1968),https://en.wikipedia.org/wiki/Robert_Kennedy,Uri Geller  ,https://en.wikipedia.org/wiki/Uri_Geller,Jonah Hill,https://en.wikipedia.org/wiki/Jonah_Hill
Emma Bunton,https://en.wikipedia.org/wiki/Emma_Bunton,Geena Davis,https://en.wikipedia.org/wiki/Geena_Davis,Alan Rickman ,https://en.wikipedia.org/wiki/Alan_Rickman,Jennifer Love Hewitt,https://en.wikipedia.org/wiki/Jennifer_Love_Hewitt,Gary Oldman ,https://en.wikipedia.org/wiki/Gary_Oldman,Matthew Broderick,https://en.wikipedia.org/wiki/Matthew_Broderick,Queen Elizabeth II ,https://en.wikipedia.org/wiki/Queen_Elizabeth_II,Iggy Pop,https://en.wikipedia.org/wiki/Iggy_Pop,Noel Fielding ,https://en.wikipedia.org/wiki/Noel_Fielding,Mr T,https://en.wikipedia.org/wiki/Mr_T,Prince William,https://en.wikipedia.org/wiki/Prince_William,Chris Pratt,https://en.wikipedia.org/wiki/Chris_Pratt,Ross Kemp,https://en.wikipedia.org/wiki/Ross_Kemp,Robin Williams (1951-2014),https://en.wikipedia.org/wiki/Robin_Williams,Usain Bolt,https://en.wikipedia.org/wiki/Usain_Bolt,Hayden Panettiere,https://en.wikipedia.org/wiki/Hayden_Panettiere,Stephen King,https://en.wikipedia.org/wiki/Stephen_King,Bill Murray,https://en.wikipedia.org/wiki/Bill_Murray,Carrie Fisher,https://en.wikipedia.org/wiki/Carrie_Fisher,Kim Kardashian,https://en.wikipedia.org/wiki/Kim_Kardashian,Bjork  ,https://en.wikipedia.org/wiki/Bjork,Goldie Hawn,https://en.wikipedia.org/wiki/Goldie_Hawn,Samuel L Jackson,https://en.wikipedia.org/wiki/Samuel_L_Jackson,Kiefer Sutherland,https://en.wikipedia.org/wiki/Kiefer_Sutherland
John Hurt ,https://en.wikipedia.org/wiki/John_Hurt,DJ Jazzy Jeff,https://en.wikipedia.org/wiki/DJ_Jazzy_Jeff,Drew Barrymore ,https://en.wikipedia.org/wiki/Drew_Barrymore,James Blunt,https://en.wikipedia.org/wiki/James_Blunt,Reese Witherspoon,https://en.wikipedia.org/wiki/Reese_Witherspoon,William Shatner,https://en.wikipedia.org/wiki/William_Shatner,Kaka ,https://en.wikipedia.org/wiki/Kaka,Jack Nicholson,https://en.wikipedia.org/wiki/Jack_Nicholson,Katie Price ,https://en.wikipedia.org/wiki/Katie_Price,Morrisey,https://en.wikipedia.org/wiki/Morrisey,Meryl Streep ,https://en.wikipedia.org/wiki/Meryl_Streep,Cyndi Lauper,https://en.wikipedia.org/wiki/Cyndi_Lauper,Prince George,https://en.wikipedia.org/wiki/Prince_George_of_Cambridge,Rhys Ifans,https://en.wikipedia.org/wiki/Rhys_Ifans,Richard Armitage,https://en.wikipedia.org/wiki/Richard_Armitage_%28actor%29,James Corden,https://en.wikipedia.org/wiki/James_Corden,Billie Piper,https://en.wikipedia.org/wiki/Billie_Piper,Joan Jett,https://en.wikipedia.org/wiki/Joan_Jett,Arsene Wenger,https://en.wikipedia.org/wiki/Arsene_Wenger,Shaggy,https://en.wikipedia.org/wiki/Shaggy_%28musician%29,Boris Becker,https://en.wikipedia.org/wiki/Boris_Becker,Jamie Lee Curtis,https://en.wikipedia.org/wiki/Jamie_Lee_Curtis,Ralp Fiennes,https://en.wikipedia.org/wiki/Ralph_Fiennes,Noel Edmonds,https://en.wikipedia.org/wiki/Noel_Edmonds
Tiffany Thiessen ,https://en.wikipedia.org/wiki/Tiffany_Thiessen,Richard Dean Anderson,https://en.wikipedia.org/wiki/Richard_Dean_Anderson,Dakota Fanning ,https://en.wikipedia.org/wiki/Dakota_Fanning,Emily Blunt,https://en.wikipedia.org/wiki/Emily_Blunt,Russell Howard,https://en.wikipedia.org/wiki/Russell_Howard,Mo Farah,https://en.wikipedia.org/wiki/Mo_Farah,Brendan Cole,https://en.wikipedia.org/wiki/Brendan_Cole,Roy Orbison (1936-1988),https://en.wikipedia.org/wiki/Roy_Orbison,Melissa McBride ,https://en.wikipedia.org/wiki/Melissa_McBride,Bob Mortimer,https://en.wikipedia.org/wiki/Bob_Mortimer,Duffy ,https://en.wikipedia.org/wiki/Duffy,KT Tunstall,https://en.wikipedia.org/wiki/KT_Tunstall,Daniel Radcliffe,https://en.wikipedia.org/wiki/Daniel_Radcliffe,Jo Brand,https://en.wikipedia.org/wiki/Jo_Brand,River Phoenix (1970-1993),https://en.wikipedia.org/wiki/River_Phoenix,Geoff Capes,https://en.wikipedia.org/wiki/Geoff_Capes,Karl Pilkington,https://en.wikipedia.org/wiki/Karl_Pilkington,Bruce Springsteen,https://en.wikipedia.org/wiki/Bruce_Springsteen,Ryan Reynolds,https://en.wikipedia.org/wiki/Ryan_Reynolds,Pele,https://en.wikipedia.org/wiki/Pele,Miley Cyrus,https://en.wikipedia.org/wiki/Miley_Cyrus,Zoe Ball,https://en.wikipedia.org/wiki/Zoe_Ball,Jodie Marsh  ,https://en.wikipedia.org/wiki/Jodie_Marsh,Matt Baker,https://en.wikipedia.org/wiki/Matt_Baker
Mischa Barton ,https://en.wikipedia.org/wiki/Mischa_Barton,Neil Diamond,https://en.wikipedia.org/wiki/Neil_Diamond,Steve Jobs (1955-2011) ,https://en.wikipedia.org/wiki/Steve_Jobs,Bill Bailey,https://en.wikipedia.org/wiki/Bill_Bailey,The Undertaker ,https://en.wikipedia.org/wiki/The_Undertaker,Jim Parsons,https://en.wikipedia.org/wiki/Jim_Parsons,Kelly Clarkson ,https://en.wikipedia.org/wiki/Kelly_Clarkson,Barbara Streisand,https://en.wikipedia.org/wiki/Barbara_Streisand,Dermot O'Leary ,https://en.wikipedia.org/wiki/Dermot_O'Leary,Jim Broadbent,https://en.wikipedia.org/wiki/Jim_Broadbent,Mick Fleetwood ,https://en.wikipedia.org/wiki/Mick_Fleetwood,Lionel Messi,https://en.wikipedia.org/wiki/Lionel_Messi,Jennifer Lopez,https://en.wikipedia.org/wiki/Jennifer_Lopez,Danny Dyer,https://en.wikipedia.org/wiki/Danny_Dyer,Stephen Fry,https://en.wikipedia.org/wiki/Stephen_Fry,Rupert Grint,https://en.wikipedia.org/wiki/Rupert_Grint,Theo Paphitis,https://en.wikipedia.org/wiki/Theo_Paphitis,Jack Dee,https://en.wikipedia.org/wiki/Jack_Dee,Wayne Rooney,https://en.wikipedia.org/wiki/Wayne_Rooney,Kevin Kline,https://en.wikipedia.org/wiki/Kevin_Kline,Ian Botham  ,https://en.wikipedia.org/wiki/Ian_Botham,Stephen Merchant,https://en.wikipedia.org/wiki/Stephen_Merchant,Carol Vorderman,https://en.wikipedia.org/wiki/Carol_Vorderman,Ed Miliband,https://en.wikipedia.org/wiki/Ed_Miliband
Alicia Keys ,https://en.wikipedia.org/wiki/Alicia_Keys,Robert Burns (1759-1796),https://en.wikipedia.org/wiki/Robert_Burns,Lee Evans,https://en.wikipedia.org/wiki/Lee_Evans,Sean Astin,https://en.wikipedia.org/wiki/Sean_Astin,Elton John ,https://en.wikipedia.org/wiki/Elton_John,Sarah Jessica Parker,https://en.wikipedia.org/wiki/Sarah_Jessica_Parker,Al Pacino ,https://en.wikipedia.org/wiki/Al_Pacino,Renee Zellweger,https://en.wikipedia.org/wiki/Renee_Zellweger,Mike Myers ,https://en.wikipedia.org/wiki/Mike_Myers,Ian McKellen,https://en.wikipedia.org/wiki/Ian_McKellen,George Michael ,https://en.wikipedia.org/wiki/George_Michael,Ricky Gervais,https://en.wikipedia.org/wiki/Ricky_Gervais,Matt LeBlanc,https://en.wikipedia.org/wiki/Matt_LeBlanc,Michael Welch,https://en.wikipedia.org/wiki/Michael_Welch_%28actor%29,Sean Connery,https://en.wikipedia.org/wiki/Sean_Connery,Elvis Costello,https://en.wikipedia.org/wiki/Elvis_Costello,Declan Donnelly   ,https://en.wikipedia.org/wiki/Declan_Donnelly,Catherine Zeta-Jones ,https://en.wikipedia.org/wiki/Catherine_Zeta-Jones,Pablo Picasso (1881-1973),https://en.wikipedia.org/wiki/Pablo_Picasso,Katy Perry,https://en.wikipedia.org/wiki/Katy_Perry,Bruno Tonioli,https://en.wikipedia.org/wiki/Bruno_Tonioli,Dougray Scott,https://en.wikipedia.org/wiki/Dougray_Scott,Annie Lennox ,https://en.wikipedia.org/wiki/Annie_Lennox,Dido,https://en.wikipedia.org/wiki/Dido_%28singer%29
Ellen DeGeneres ,https://en.wikipedia.org/wiki/Ellen_DeGeneres,Eddie Van Halen,https://en.wikipedia.org/wiki/Eddie_Van_Halen,Michael Bolton ,https://en.wikipedia.org/wiki/Michael_Bolton,Fats Domino,https://en.wikipedia.org/wiki/Fats_Domino,Keira Knightley ,https://en.wikipedia.org/wiki/Keira_Knightley,Steven Tyler,https://en.wikipedia.org/wiki/Steven_Tyler,Channing Tatum ,https://en.wikipedia.org/wiki/Channing_Tatum,Kevin James,https://en.wikipedia.org/wiki/Kevin_James,Helena Bonham Carter,https://en.wikipedia.org/wiki/Helena_Bonham_Carter,Michael Portillo,https://en.wikipedia.org/wiki/Michael_Portillo,Chris O'Donnell ,https://en.wikipedia.org/wiki/Chris_O'Donnell,Chris Isaak,https://en.wikipedia.org/wiki/Chris_Isaak,Sandra Bullock,https://en.wikipedia.org/wiki/Sandra_Bullock,Mick Jagger,https://en.wikipedia.org/wiki/Mick_Jagger,Michael Gove,https://en.wikipedia.org/wiki/Michael_Gove,Gaynor Faye,https://en.wikipedia.org/wiki/Gaynor_Faye,Anne Robinson ,https://en.wikipedia.org/wiki/Anne_Robinson,Olivia newton-John,https://en.wikipedia.org/wiki/Olivia_Newton-John,Emilia Clarke  ,https://en.wikipedia.org/wiki/Emilia_Clarke,Seth MacFarlane,https://en.wikipedia.org/wiki/Seth_MacFarlane,Rita Ora,https://en.wikipedia.org/wiki/Rita_Ora,Natasha Bedingfield,https://en.wikipedia.org/wiki/Natasha_Bedingfield,Kit Harington,https://en.wikipedia.org/wiki/Kit_Harington,Dermot Murnaghan,https://en.wikipedia.org/wiki/Dermot_Murnaghan
Mark Owen ,https://en.wikipedia.org/wiki/Mark_Owen,Mozart (1956-1971),https://en.wikipedia.org/wiki/Mozart,Peter Andre ,https://en.wikipedia.org/wiki/Peter_Andre,Derren Brown,https://en.wikipedia.org/wiki/Derren_Brown,Jessie J ,https://en.wikipedia.org/wiki/Jessie_J,Mariah Carey,https://en.wikipedia.org/wiki/Mariah_Carey,Darcey Bussell ,https://en.wikipedia.org/wiki/Darcey_Bussell,Tess Daly,https://en.wikipedia.org/wiki/Tess_Daly,Jamie Oliver ,https://en.wikipedia.org/wiki/Jamie_Oliver,Cilla Black (1943-2015),https://en.wikipedia.org/wiki/Cilla_Black,Khloe Kardashian ,https://en.wikipedia.org/wiki/Khloe_Kardashian,Toby Maguire,https://en.wikipedia.org/wiki/Toby_Maguire,Jonathan Rhys Meyers,https://en.wikipedia.org/wiki/Jonathan_Rhys_Meyers,Christopher Dean,https://en.wikipedia.org/wiki/Christopher_Dean,C.S. Forester (1899-1966),https://en.wikipedia.org/wiki/C.S._Forester,Man Ray (1890-1976),https://en.wikipedia.org/wiki/Man_Ray,Gwyneth paltrow  ,https://en.wikipedia.org/wiki/Gwyneth_paltrow,John Inverdale,https://en.wikipedia.org/wiki/John_Inverdale,John Cleese,https://en.wikipedia.org/wiki/John_Cleese,Peter Firth,https://en.wikipedia.org/wiki/Peter_Firth,Jimmy Hendrix (1942-1970),https://en.wikipedia.org/wiki/Jimmy_Hendrix,Bruce Lee (1940-1973),https://en.wikipedia.org/wiki/Bruce_Lee,Gerard Depardieu,https://en.wikipedia.org/wiki/Gerard_Depardieu,Janet Street-Porter,https://en.wikipedia.org/wiki/Janet_Street-Porter
Elijah Wood,https://en.wikipedia.org/wiki/Elijah_Wood,Alan Alda,https://en.wikipedia.org/wiki/Alan_Alda,Patrick Monahan ,https://en.wikipedia.org/wiki/Patrick_Monahan,Robert Sean Leonard,https://en.wikipedia.org/wiki/Robert_Sean_Leonard,Lady Gaga,https://en.wikipedia.org/wiki/Lady_Gaga,Vince Vaughn,https://en.wikipedia.org/wiki/Vince_Vaughn,Jessica Alba ,https://en.wikipedia.org/wiki/Jessica_Alba,Jay Leno,https://en.wikipedia.org/wiki/Jay_Leno,Kylie Minogue ,https://en.wikipedia.org/wiki/Kylie_Minogue,Michelle Collins,https://en.wikipedia.org/wiki/Michelle_Collins,King Henry VIII of England (1491-1547),https://en.wikipedia.org/wiki/King_Henry_VIII_of_England,John Cusack,https://en.wikipedia.org/wiki/John_Cusack,Beatrix Potter (1866-1943),https://en.wikipedia.org/wiki/Beatrix_Potter,Cher Lloyd,https://en.wikipedia.org/wiki/Cher_Lloyd,Billy Boyd,https://en.wikipedia.org/wiki/Billy_Boyd_%28actor%29,Jack Black,https://en.wikipedia.org/wiki/Jack_Black,Jon Snow,https://en.wikipedia.org/wiki/Jon_Snow,Hilary Duff,https://en.wikipedia.org/wiki/Hilary_Duff,Julia Roberts  ,https://en.wikipedia.org/wiki/Julia_Roberts,Matt Smith,https://en.wikipedia.org/wiki/Matt_Smith_%28actor%29,Randy Newman,https://en.wikipedia.org/wiki/Randy_Newman,Martin Clunes,https://en.wikipedia.org/wiki/Martin_Clunes,Denzel Washington,https://en.wikipedia.org/wiki/Denzel_Washington,Maggie Smith  ,https://en.wikipedia.org/wiki/Maggie_Smith
Heather Graham,https://en.wikipedia.org/wiki/Heather_Graham,Tom Selleck,https://en.wikipedia.org/wiki/Tom_Selleck,Ja Rule ,https://en.wikipedia.org/wiki/Ja_Rule,Anthony Robbins,https://en.wikipedia.org/wiki/Anthony_Robbins,Elle MacPherson,https://en.wikipedia.org/wiki/Elle_MacPherson,Eric Idle,https://en.wikipedia.org/wiki/Eric_Idle,Uma Thurman ,https://en.wikipedia.org/wiki/Uma_Thurman,Michelle Pfeifer,https://en.wikipedia.org/wiki/Michelle_Pfeifer,Sarah Millican ,https://en.wikipedia.org/wiki/Sarah_Millican,Noel Gallagher,https://en.wikipedia.org/wiki/Noel_Gallagher,Nicole Scherzinger ,https://en.wikipedia.org/wiki/Nicole_Scherzinger,Gary Busey,https://en.wikipedia.org/wiki/Gary_Busey,Sally Gunnell,https://en.wikipedia.org/wiki/Sally_Gunnell,Wil Wheaton,https://en.wikipedia.org/wiki/Wil_Wheaton,Lenny Henry,https://en.wikipedia.org/wiki/Lenny_Henry,Michael Jackson (1958-2009),https://en.wikipedia.org/wiki/Michael_Jackson,Sebastian Coe  ,https://en.wikipedia.org/wiki/Sebastian_Coe,Horatio Nelson (1758-1805),https://en.wikipedia.org/wiki/Horatio_Nelson,Michael Vaughan,https://en.wikipedia.org/wiki/Michael_Vaughan,Winona Ryder,https://en.wikipedia.org/wiki/Winona_Ryder,Ryan Giggs,https://en.wikipedia.org/wiki/Ryan_Giggs,C.S Lewis (1898-1963),https://en.wikipedia.org/wiki/C.S_Lewis,Jude Law,https://en.wikipedia.org/wiki/Jude_Law,Ted Danson,https://en.wikipedia.org/wiki/Ted_Danson
Christian Bale ,https://en.wikipedia.org/wiki/Christian_Bale,Phil Collins,https://en.wikipedia.org/wiki/Phil_Collins,null,null,null,null,Celine Dion ,https://en.wikipedia.org/wiki/Celine_Dion,MC Hammer,https://en.wikipedia.org/wiki/MC_Hammer,Leigh Francis ,https://en.wikipedia.org/wiki/Leigh_Francis,Johnny Galecki,https://en.wikipedia.org/wiki/Johnny_Galecki,Steven Gerrard ,https://en.wikipedia.org/wiki/Steven_Gerrard,Harry Enfield,https://en.wikipedia.org/wiki/Harry_Enfield,Cheryl Fernandez-Versini ,https://en.wikipedia.org/wiki/Cheryl_Fernandez-Versini,Mike Tyson,https://en.wikipedia.org/wiki/Mike_Tyson,Lisa Kudrow,https://en.wikipedia.org/wiki/Lisa_Kudrow,Arnold Schwarzenegger,https://en.wikipedia.org/wiki/Arnold_Schwarzenegger,Cameron Diaz,https://en.wikipedia.org/wiki/Cameron_Diaz,Paul Oakenfold,https://en.wikipedia.org/wiki/Paul_Oakenfold,Marc Bolan,https://en.wikipedia.org/wiki/Marc_Bolan,Rula Lenska,https://en.wikipedia.org/wiki/Rula_Lenska,Diego Maradona,https://en.wikipedia.org/wiki/Diego_Maradona,Henry Winkler,https://en.wikipedia.org/wiki/Henry_Winkler,John Bishop  ,https://en.wikipedia.org/wiki/John_Bishop_%28comedian%29,Gary Lineker,https://en.wikipedia.org/wiki/Gary_Lineker,Rudyard Kipling  ,https://en.wikipedia.org/wiki/Rudyard_Kipling,Tiger Woods,https://en.wikipedia.org/wiki/Tiger_Woods
,null,null,null,null,null,null,null,Ewan McGregor,https://en.wikipedia.org/wiki/Ewan_McGregor,Christopher Walken,https://en.wikipedia.org/wiki/Christopher_Walken,null,null,null,null,Clint Eastwood ,https://en.wikipedia.org/wiki/Clint_Eastwood,Brooke Shields,https://en.wikipedia.org/wiki/Brooke_Shields,null,null,null,null,J K Rowling,https://en.wikipedia.org/wiki/J_K_Rowling,Richard Griffiths (1947-2013),https://en.wikipedia.org/wiki/Richard_Griffiths,Kirsty Allsopp,https://en.wikipedia.org/wiki/Kirsty_Allsopp,Chris Tucker,https://en.wikipedia.org/wiki/Chris_Tucker,null,null,null,null,Vanilla Ice,https://en.wikipedia.org/wiki/Vanilla_Ice,Rob Schneider,https://en.wikipedia.org/wiki/Rob_Schneider,null,null,null,null,Alex Ferguson  ,https://en.wikipedia.org/wiki/Alex_Ferguson,Anthony Hopkins,https://en.wikipedia.org/wiki/Anthony_Hopkins